method,feature_set,source,parameter_count,checkpoint_size_MB,fp32_weight_size_MB_est,int8_weight_size_MB_est,cpu_batch1_latency_ms,cpu_batch256_latency_ms,cpu_batch256_per_sample_ms,reference_teacher,params_vs_teacher_percent,parameter_reduction_vs_teacher_percent
Filtered Distilled Tiny CNN-LSTM,Raw + EMA V/I,cnn_lstm_distilled_student_filtered_features_25degC_model.pt,3841,0.019652366638183594,0.014652252197265625,0.0036630630493164062,0.5185277765849605,10.137076386599801,0.039597954635155475,Filtered CNN-LSTM Teacher,7.577580934719565,92.42241906528044
Filtered Tiny CNN-LSTM Student,Raw + EMA V/I,cnn_lstm_student_filtered_features_25degC_model.pt,3841,0.019408226013183594,0.014652252197265625,0.0036630630493164062,0.5252774998856087,10.123171113276234,0.03954363716123529,Filtered CNN-LSTM Teacher,7.577580934719565,92.42241906528044
Filtered-feature MLP,Raw + EMA V/I,architecture_only_no_checkpoint_saved,11649,,0.044437408447265625,0.011109352111816406,,,,,,
Filtered CNN-LSTM Teacher,Raw + EMA V/I,cnn_lstm_teacher_filtered_features_25degC_model.pt,50689,0.1982412338256836,0.19336318969726562,0.048340797424316406,0.6080111133633181,42.65088194340933,0.1666050075914427,,,
Instantaneous MLP,Raw V/I/T,architecture_only_no_checkpoint_saved,2369,,0.009037017822265625,0.0022592544555664062,,,,,,
Distilled Tiny CNN-LSTM,Raw V/I/T,cnn_lstm_distilled_student_25degC_model.pt,3361,0.017577171325683594,0.012821197509765625,0.0032052993774414062,0.5180477768105145,9.63159014005214,0.03762339898457867,CNN-LSTM Teacher,6.8916729889889075,93.1083270110111
Tiny CNN-LSTM Student,Raw V/I/T,cnn_lstm_student_25degC_model.pt,3361,0.017394065856933594,0.012821197509765625,0.0032052993774414062,0.5172856933980559,9.595960279887853,0.037484219843311926,CNN-LSTM Teacher,6.8916729889889075,93.1083270110111
LSTM,Raw V/I/T,lstm_baseline_25degC_model.pt,5825,0.02564716339111328,0.022220611572265625,0.005555152893066406,0.47526749995692325,8.159481943196928,0.031872976340613,,,
CNN-LSTM Teacher,Raw V/I/T,cnn_lstm_teacher_25degC_model.pt,48769,0.1906728744506836,0.18603897094726562,0.046509742736816406,0.6012930567764366,40.368143193384945,0.15768805934915994,,,
