method,feature_set,source,parameter_count,checkpoint_size_MB,fp32_weight_size_MB_est,int8_weight_storage_estimate_MB,cpu_batch1_latency_ms,cpu_batch256_latency_ms,cpu_batch256_per_sample_ms,reference_teacher,params_vs_teacher_percent,parameter_reduction_vs_teacher_percent
Filtered Distilled Tiny CNN-LSTM,Raw + EMA V/I,filtered_distilled_tiny_cnn-lstm_25degC_model.pt,3841,0.019530296325683594,0.014652252197265625,0.0036630630493164062,0.7747356933153545,13.515960553389354,0.05279672091167716,Filtered CNN-LSTM Teacher,7.577580934719565,92.42241906528044
Filtered Tiny CNN-LSTM Student,Raw + EMA V/I,filtered_tiny_cnn-lstm_student_25degC_model.pt,3841,0.019469261169433594,0.014652252197265625,0.0036630630493164062,1.0557865268007542,16.20743374999923,0.06331028808593449,Filtered CNN-LSTM Teacher,7.577580934719565,92.42241906528044
Filtered-feature MLP,Raw + EMA V/I,architecture_only_no_checkpoint_saved,11649,,0.044437408447265625,0.011109352111816406,,,,,,
Filtered CNN-LSTM Teacher,Raw + EMA V/I,filtered_cnn-lstm_teacher_25degC_model.pt,50689,0.1982412338256836,0.19336318969726562,0.048340797424316406,0.8916662499541417,86.14696222338048,0.33651157118508,,,
Instantaneous MLP,Raw V/I/T,architecture_only_no_checkpoint_saved,2369,,0.009037017822265625,0.0022592544555664062,,,,,,
Distilled Tiny CNN-LSTM,Raw V/I/T,distilled_tiny_cnn-lstm_25degC_model.pt,3361,0.017455101013183594,0.012821197509765625,0.0032052993774414062,0.7282668066909537,14.641338470003879,0.05719272839845265,CNN-LSTM Teacher,6.8916729889889075,93.1083270110111
Tiny CNN-LSTM Student,Raw V/I/T,tiny_cnn-lstm_student_25degC_model.pt,3361,0.017455101013183594,0.012821197509765625,0.0032052993774414062,0.7701388899780188,11.738547083417265,0.04585369954459869,CNN-LSTM Teacher,6.8916729889889075,93.1083270110111
LSTM,Raw V/I/T,lstm_25degC_model.pt,5825,0.02583026885986328,0.022220611572265625,0.005555152893066406,0.6629944466597711,8.853593889895517,0.034584351132404365,,,
CNN-LSTM Teacher,Raw V/I/T,cnn-lstm_teacher_25degC_model.pt,48769,0.1907339096069336,0.18603897094726562,0.046509742736816406,1.088251526816748,60.42200013665327,0.23602343803380182,,,
